[{"pk": 1, "model": "contenttypes.contenttype", "fields": {"model": "logentry", "name": "log entry", "app_label": "admin"}}, {"pk": 2, "model": "contenttypes.contenttype", "fields": {"model": "permission", "name": "permission", "app_label": "auth"}}, {"pk": 3, "model": "contenttypes.contenttype", "fields": {"model": "group", "name": "group", "app_label": "auth"}}, {"pk": 4, "model": "contenttypes.contenttype", "fields": {"model": "user", "name": "user", "app_label": "auth"}}, {"pk": 5, "model": "contenttypes.contenttype", "fields": {"model": "contenttype", "name": "content type", "app_label": "contenttypes"}}, {"pk": 6, "model": "contenttypes.contenttype", "fields": {"model": "session", "name": "session", "app_label": "sessions"}}, {"pk": 7, "model": "contenttypes.contenttype", "fields": {"model": "migrationhistory", "name": "migration history", "app_label": "south"}}, {"pk": 8, "model": "contenttypes.contenttype", "fields": {"model": "member", "name": "member", "app_label": "members"}}, {"pk": 9, "model": "contenttypes.contenttype", "fields": {"model": "pass", "name": "pass", "app_label": "members"}}, {"pk": 10, "model": "contenttypes.contenttype", "fields": {"model": "season", "name": "season", "app_label": "members"}}, {"pk": 11, "model": "contenttypes.contenttype", "fields": {"model": "bus", "name": "bus", "app_label": "busing"}}, {"pk": 12, "model": "contenttypes.contenttype", "fields": {"model": "buscheckin", "name": "bus checkin", "app_label": "busing"}}, {"pk": 13, "model": "contenttypes.contenttype", "fields": {"model": "trip", "name": "trip", "app_label": "trips"}}, {"pk": 14, "model": "contenttypes.contenttype", "fields": {"model": "tripenrollment", "name": "trip enrollment", "app_label": "trips"}}, {"pk": 15, "model": "contenttypes.contenttype", "fields": {"model": "wikipage", "name": "wiki page", "app_label": "wakawaka"}}, {"pk": 16, "model": "contenttypes.contenttype", "fields": {"model": "revision", "name": "revision", "app_label": "wakawaka"}}, {"pk": 17, "model": "contenttypes.contenttype", "fields": {"model": "mountain", "name": "mountain", "app_label": "mountains"}}, {"pk": 18, "model": "contenttypes.contenttype", "fields": {"model": "mountaincheckin", "name": "mountain checkin", "app_label": "mountains"}}, {"pk": 19, "model": "contenttypes.contenttype", "fields": {"model": "mountainscheduleslot", "name": "mountain schedule slot", "app_label": "mountains"}}, {"pk": 20, "model": "contenttypes.contenttype", "fields": {"model": "article", "name": "article", "app_label": "info"}}, {"pk": 21, "model": "contenttypes.contenttype", "fields": {"model": "articlegroup", "name": "article group", "app_label": "info"}}, {"pk": "9ew0f50royyptqdg1ybpss6w9rb7jbq7", "model": "sessions.session", "fields": {"expire_date": "2014-07-20T04:49:24Z", "session_data": "OTRmNzI4M2MzNzkxYWUzNGE0ODY1YWU4MjY4ZjMyNjc2NzliYjM2MDp7Il9hdXRoX3VzZXJfYmFja2VuZCI6ImRqYW5nby5jb250cmliLmF1dGguYmFja2VuZHMuTW9kZWxCYWNrZW5kIiwiX2F1dGhfdXNlcl9pZCI6MX0="}}, {"pk": "cj4dltfgxibceft68r4s24ztx2wd0l45", "model": "sessions.session", "fields": {"expire_date": "2014-08-03T18:27:01Z", "session_data": "OTRmNzI4M2MzNzkxYWUzNGE0ODY1YWU4MjY4ZjMyNjc2NzliYjM2MDp7Il9hdXRoX3VzZXJfYmFja2VuZCI6ImRqYW5nby5jb250cmliLmF1dGguYmFja2VuZHMuTW9kZWxCYWNrZW5kIiwiX2F1dGhfdXNlcl9pZCI6MX0="}}, {"pk": "jk3e9i07yl6ylxpbsfhjnx08eizvx1x4", "model": "sessions.session", "fields": {"expire_date": "2014-08-11T00:26:21Z", "session_data": "OTRmNzI4M2MzNzkxYWUzNGE0ODY1YWU4MjY4ZjMyNjc2NzliYjM2MDp7Il9hdXRoX3VzZXJfYmFja2VuZCI6ImRqYW5nby5jb250cmliLmF1dGguYmFja2VuZHMuTW9kZWxCYWNrZW5kIiwiX2F1dGhfdXNlcl9pZCI6MX0="}}, {"pk": "s78dtpps3wtg0gnnyu32ea0vp528e8cf", "model": "sessions.session", "fields": {"expire_date": "2014-08-21T16:04:43Z", "session_data": "OTRmNzI4M2MzNzkxYWUzNGE0ODY1YWU4MjY4ZjMyNjc2NzliYjM2MDp7Il9hdXRoX3VzZXJfYmFja2VuZCI6ImRqYW5nby5jb250cmliLmF1dGguYmFja2VuZHMuTW9kZWxCYWNrZW5kIiwiX2F1dGhfdXNlcl9pZCI6MX0="}}, {"pk": 1, "model": "south.migrationhistory", "fields": {"applied": "2014-07-06T04:38:36Z", "app_name": "django_extensions", "migration": "0001_empty"}}, {"pk": 2, "model": "south.migrationhistory", "fields": {"applied": "2014-07-06T04:38:37Z", "app_name": "members", "migration": "0001_initial"}}, {"pk": 3, "model": "south.migrationhistory", "fields": {"applied": "2014-07-06T04:38:38Z", "app_name": "busing", "migration": "0001_initial"}}, {"pk": 4, "model": "south.migrationhistory", "fields": {"applied": "2014-07-20T18:14:36Z", "app_name": "trips", "migration": "0001_initial"}}, {"pk": 5, "model": "south.migrationhistory", "fields": {"applied": "2014-07-20T18:25:48Z", "app_name": "trips", "migration": "0002_auto__add_field_trip_down_payment_due__add_field_trip_final_payment_du"}}, {"pk": 6, "model": "south.migrationhistory", "fields": {"applied": "2014-07-25T23:45:57Z", "app_name": "mountains", "migration": "0001_initial"}}, {"pk": 7, "model": "south.migrationhistory", "fields": {"applied": "2014-07-26T02:30:04Z", "app_name": "mountains", "migration": "0002_auto__add_field_mountain_abbr"}}, {"pk": 8, "model": "south.migrationhistory", "fields": {"applied": "2014-08-07T18:01:02Z", "app_name": "info", "migration": "0001_initial"}}, {"pk": 9, "model": "south.migrationhistory", "fields": {"applied": "2014-08-07T18:04:54Z", "app_name": "info", "migration": "0002_auto__add_field_articlegroup_article_group"}}, {"pk": 1, "model": "members.member", "fields": {"city": "Buffalo", "first_name": "Tom", "last_name": "Effland", "created": "2014-07-06T04:50:38Z", "gender": "M", "modified": "2014-08-05T17:00:10Z", "phone": "123-456-7890", "state": "NY", "birthday": "1993-10-16", "person_number": "", "photo": null, "dorm": "None", "local_address": "360 Student Union", "email": "t@b.com", "zip_code": "14261"}}, {"pk": 7, "model": "members.member", "fields": {"city": "Buffalo", "first_name": "Andrew", "last_name": "Kimicek", "created": "2014-07-26T03:26:51Z", "gender": "M", "modified": "2014-07-26T03:26:51Z", "phone": "123-456-7890", "state": "NY", "birthday": "1993-10-16", "person_number": "23149020", "photo": null, "dorm": "SPA", "local_address": "", "email": "ak@schuss.com", "zip_code": "14261"}}, {"pk": 8, "model": "members.member", "fields": {"city": "Buffalo", "first_name": "Derek", "last_name": "Ellefsen", "created": "2014-07-26T03:27:15Z", "gender": "M", "modified": "2014-08-05T19:30:19Z", "phone": "123-456-7890", "state": "NY", "birthday": "1993-10-16", "person_number": "", "photo": null, "dorm": "POR", "local_address": "", "email": "drockelf@buffalo.edu", "zip_code": "14261"}}, {"pk": 9, "model": "members.member", "fields": {"city": "Buffalo", "first_name": "Hugh", "last_name": "Jass", "created": "2014-08-05T17:00:35Z", "gender": "M", "modified": "2014-08-05T17:00:35Z", "phone": "555-555-5555", "state": "NY", "birthday": "1960-05-05", "person_number": "50009999", "photo": null, "dorm": "None", "local_address": "", "email": "hughjasshole@gmail.com", "zip_code": "14261"}}, {"pk": 1, "model": "members.pass", "fields": {"is_reserved": true, "pass_flag_note": "He fucked up", "created": "2014-07-06T04:50:38Z", "season": 1, "modified": "2014-07-06T22:13:50Z", "member_type": "FR", "lost_stolen_note": "", "member": 1, "lost_stolen": false, "bus_flag": true, "bus_flag_note": "", "pass_flag": true, "active_id": 2}}, {"pk": 7, "model": "members.pass", "fields": {"is_reserved": true, "pass_flag_note": "", "created": "2014-07-26T03:26:51Z", "season": 1, "modified": "2014-07-26T03:26:51Z", "member_type": "CAN", "lost_stolen_note": "", "member": 7, "lost_stolen": false, "bus_flag": false, "bus_flag_note": "", "pass_flag": false, "active_id": 3}}, {"pk": 8, "model": "members.pass", "fields": {"is_reserved": false, "pass_flag_note": "", "created": "2014-07-26T03:27:15Z", "season": 1, "modified": "2014-07-26T03:27:15Z", "member_type": "JR", "lost_stolen_note": "", "member": 8, "lost_stolen": false, "bus_flag": false, "bus_flag_note": "", "pass_flag": false, "active_id": 26}}, {"pk": 9, "model": "members.pass", "fields": {"is_reserved": false, "pass_flag_note": "", "created": "2014-08-05T17:00:10Z", "season": 3, "modified": "2014-08-05T17:00:10Z", "member_type": "JR", "lost_stolen_note": "", "member": 1, "lost_stolen": false, "bus_flag": false, "bus_flag_note": "", "pass_flag": false, "active_id": 26}}, {"pk": 10, "model": "members.pass", "fields": {"is_reserved": false, "pass_flag_note": "", "created": "2014-08-05T17:00:35Z", "season": 3, "modified": "2014-08-05T17:00:35Z", "member_type": "SO", "lost_stolen_note": "", "member": 9, "lost_stolen": false, "bus_flag": false, "bus_flag_note": "", "pass_flag": false, "active_id": 27}}, {"pk": 11, "model": "members.pass", "fields": {"is_reserved": true, "pass_flag_note": "", "created": "2014-08-05T19:30:19Z", "season": 3, "modified": "2014-08-05T19:30:19Z", "member_type": "SR", "lost_stolen_note": "", "member": 8, "lost_stolen": false, "bus_flag": false, "bus_flag_note": "", "pass_flag": false, "active_id": 2}}, {"pk": 1, "model": "members.season", "fields": {"spring": "2014-07-31", "created": "2014-07-06T04:49:53Z", "modified": "2014-07-06T04:49:53Z", "fall": "2013-08-01"}}, {"pk": 2, "model": "members.season", "fields": {"spring": "2013-07-31", "created": "2014-07-20T00:31:59Z", "modified": "2014-07-20T00:31:59Z", "fall": "2012-08-01"}}, {"pk": 3, "model": "members.season", "fields": {"spring": "2015-07-31", "created": "2014-08-05T17:00:04Z", "modified": "2014-08-05T17:00:04Z", "fall": "2014-08-01"}}, {"pk": 1, "model": "busing.bus", "fields": {"date": "2014-07-18", "capacity": 100, "number": 888888, "modified": "2014-07-28T00:26:41Z", "created": "2014-07-28T00:26:41Z"}}, {"pk": 2, "model": "busing.bus", "fields": {"date": "2014-07-28", "capacity": 100, "number": 888888, "modified": "2014-07-28T00:36:54Z", "created": "2014-07-28T00:36:54Z"}}, {"pk": 3, "model": "busing.bus", "fields": {"date": "2014-07-06", "capacity": 32, "number": 3, "modified": "2014-07-06T18:46:01Z", "created": "2014-07-06T18:46:01Z"}}, {"pk": 4, "model": "busing.bus", "fields": {"date": "2014-07-06", "capacity": 2, "number": 1, "modified": "2014-07-06T20:09:28Z", "created": "2014-07-06T20:09:28Z"}}, {"pk": 5, "model": "busing.bus", "fields": {"date": "2014-07-06", "capacity": 1, "number": 1, "modified": "2014-07-06T22:09:25Z", "created": "2014-07-06T22:09:25Z"}}, {"pk": 6, "model": "busing.bus", "fields": {"date": "2014-07-11", "capacity": 100, "number": 888888, "modified": "2014-07-11T02:23:13Z", "created": "2014-07-11T02:23:13Z"}}, {"pk": 7, "model": "busing.bus", "fields": {"date": "2014-07-05", "capacity": 100, "number": 888888, "modified": "2014-07-11T02:36:09Z", "created": "2014-07-11T02:36:09Z"}}, {"pk": 9, "model": "busing.bus", "fields": {"date": "2014-07-10", "capacity": 1, "number": 1, "modified": "2014-07-11T02:40:48Z", "created": "2014-07-11T02:40:48Z"}}, {"pk": 10, "model": "busing.bus", "fields": {"date": "2014-07-10", "capacity": 100, "number": 888888, "modified": "2014-07-11T02:40:48Z", "created": "2014-07-11T02:40:48Z"}}, {"pk": 11, "model": "busing.bus", "fields": {"date": "2014-07-10", "capacity": 2, "number": 2, "modified": "2014-07-11T02:40:55Z", "created": "2014-07-11T02:40:55Z"}}, {"pk": 12, "model": "busing.bus", "fields": {"date": "2014-07-10", "capacity": 3, "number": 3, "modified": "2014-07-11T02:49:33Z", "created": "2014-07-11T02:49:33Z"}}, {"pk": 13, "model": "busing.bus", "fields": {"date": "2014-07-11", "capacity": 38, "number": 2, "modified": "2014-07-14T04:18:59Z", "created": "2014-07-11T03:02:39Z"}}, {"pk": 14, "model": "busing.bus", "fields": {"date": "2014-07-12", "capacity": 31, "number": 123, "modified": "2014-07-11T03:04:05Z", "created": "2014-07-11T03:04:05Z"}}, {"pk": 15, "model": "busing.bus", "fields": {"date": "2014-07-12", "capacity": 100, "number": 888888, "modified": "2014-07-11T03:04:05Z", "created": "2014-07-11T03:04:05Z"}}, {"pk": 16, "model": "busing.bus", "fields": {"date": "2014-07-11", "capacity": 1, "number": 1, "modified": "2014-07-11T03:13:23Z", "created": "2014-07-11T03:13:23Z"}}, {"pk": 17, "model": "busing.bus", "fields": {"date": "2014-07-15", "capacity": 100, "number": 888888, "modified": "2014-07-15T03:47:50Z", "created": "2014-07-15T03:47:50Z"}}, {"pk": 18, "model": "busing.bus", "fields": {"date": "2014-07-20", "capacity": 100, "number": 888888, "modified": "2014-07-20T01:15:42Z", "created": "2014-07-20T01:15:42Z"}}, {"pk": 19, "model": "busing.bus", "fields": {"date": "2014-07-06", "capacity": 100, "number": 888888, "modified": "2014-07-20T01:15:47Z", "created": "2014-07-20T01:15:47Z"}}, {"pk": 20, "model": "busing.bus", "fields": {"date": "2014-07-22", "capacity": 100, "number": 888888, "modified": "2014-07-22T03:30:37Z", "created": "2014-07-22T03:30:37Z"}}, {"pk": 21, "model": "busing.bus", "fields": {"date": "2014-07-26", "capacity": 100, "number": 888888, "modified": "2014-07-26T01:24:30Z", "created": "2014-07-26T01:24:30Z"}}, {"pk": 22, "model": "busing.bus", "fields": {"date": "2014-07-26", "capacity": 1, "number": 1, "modified": "2014-07-26T01:40:38Z", "created": "2014-07-26T01:40:38Z"}}, {"pk": 23, "model": "busing.bus", "fields": {"date": "2014-07-27", "capacity": 100, "number": 888888, "modified": "2014-07-27T23:26:05Z", "created": "2014-07-27T23:26:05Z"}}, {"pk": 24, "model": "busing.bus", "fields": {"date": "2014-07-30", "capacity": 100, "number": 888888, "modified": "2014-07-30T23:43:27Z", "created": "2014-07-30T23:43:27Z"}}, {"pk": 25, "model": "busing.bus", "fields": {"date": "2014-07-30", "capacity": 15, "number": 2, "modified": "2014-07-30T23:53:51Z", "created": "2014-07-30T23:53:51Z"}}, {"pk": 26, "model": "busing.bus", "fields": {"date": "2014-08-01", "capacity": 100, "number": 888888, "modified": "2014-08-01T03:00:02Z", "created": "2014-08-01T03:00:02Z"}}, {"pk": 27, "model": "busing.bus", "fields": {"date": "2014-08-05", "capacity": 100, "number": 888888, "modified": "2014-08-05T16:15:47Z", "created": "2014-08-05T16:15:47Z"}}, {"pk": 28, "model": "busing.bus", "fields": {"date": "2014-08-07", "capacity": 100, "number": 888888, "modified": "2014-08-07T19:48:24Z", "created": "2014-08-07T19:48:24Z"}}, {"pk": 67, "model": "busing.buscheckin", "fields": {"member": 1, "bus": 4, "pickup": "GOV", "modified": "2014-07-06T20:09:52Z", "created": "2014-07-06T20:09:52Z"}}, {"pk": 69, "model": "busing.buscheckin", "fields": {"member": 1, "bus": 4, "pickup": "MAIN", "modified": "2014-07-06T20:10:08Z", "created": "2014-07-06T20:10:08Z"}}, {"pk": 76, "model": "busing.buscheckin", "fields": {"member": 1, "bus": 3, "pickup": "ELLI", "modified": "2014-07-11T02:34:47Z", "created": "2014-07-11T02:34:47Z"}}, {"pk": 84, "model": "busing.buscheckin", "fields": {"member": 1, "bus": 9, "pickup": "GOV", "modified": "2014-07-11T02:45:14Z", "created": "2014-07-11T02:45:14Z"}}, {"pk": 85, "model": "busing.buscheckin", "fields": {"member": 1, "bus": 11, "pickup": "GOV", "modified": "2014-07-11T02:45:21Z", "created": "2014-07-11T02:45:21Z"}}, {"pk": 88, "model": "busing.buscheckin", "fields": {"member": 1, "bus": 12, "pickup": "GOV", "modified": "2014-07-11T02:53:09Z", "created": "2014-07-11T02:53:09Z"}}, {"pk": 96, "model": "busing.buscheckin", "fields": {"member": 1, "bus": 16, "pickup": "GOV", "modified": "2014-07-15T03:48:38Z", "created": "2014-07-11T04:17:00Z"}}, {"pk": 97, "model": "busing.buscheckin", "fields": {"member": 1, "bus": 22, "pickup": "MAIN", "modified": "2014-07-26T01:40:56Z", "created": "2014-07-26T01:40:56Z"}}, {"pk": 98, "model": "busing.buscheckin", "fields": {"member": 1, "bus": 25, "pickup": "MAIN", "modified": "2014-07-30T23:53:59Z", "created": "2014-07-30T23:53:59Z"}}, {"pk": 1, "model": "trips.trip", "fields": {"city": "Vancooover", "capacity": 41, "name": "Gnar Mountain", "end_date": "2015-01-31", "created": "2014-07-20T18:26:53Z", "season": 1, "other_price": null, "member_price": 1200, "modified": "2014-07-25T17:19:10Z", "state": null, "nonmember_price": 1400, "final_payment_due": "2014-12-15", "destination_address": "1234 Gnar St.", "down_payment_due": "2014-10-15", "start_date": "2015-01-21", "zip_code": ""}}, {"pk": 3, "model": "trips.tripenrollment", "fields": {"modified": "2014-08-05T19:18:28Z", "created": "2014-07-22T04:36:12Z", "member_pass": 1, "price_paid": 420, "trip": 1}}, {"pk": 1, "model": "mountains.mountain", "fields": {"city": "Ellicottville", "num_trails": null, "name": "Holiday Valley", "vertical": null, "created": "2014-07-25T23:51:14Z", "modified": "2014-07-26T02:30:34Z", "num_lifts": null, "phone": "716-699-2345", "state": "NY", "abbr": "hv", "address": "6557 Holiday Valley Rd,", "ski_acre": null, "zip_code": "14731"}}, {"pk": 2, "model": "mountains.mountain", "fields": {"city": "Glendwood", "num_trails": null, "name": "Kissing Bridge", "vertical": null, "created": "2014-07-25T23:52:19Z", "modified": "2014-07-26T02:30:41Z", "num_lifts": null, "phone": "716-592-4963", "state": "NY", "abbr": "kb", "address": "10296 State Rd,", "ski_acre": null, "zip_code": "14069"}}, {"pk": 1, "model": "mountains.mountaincheckin", "fields": {"mountain": 1, "member_pass": 1, "modified": "2014-07-26T03:08:20Z", "created": "2014-07-26T03:08:20Z"}}, {"pk": 2, "model": "mountains.mountaincheckin", "fields": {"mountain": 1, "member_pass": 7, "modified": "2014-07-26T03:28:34Z", "created": "2014-07-26T03:28:34Z"}}, {"pk": 3, "model": "mountains.mountaincheckin", "fields": {"mountain": 1, "member_pass": 8, "modified": "2014-07-26T04:22:33Z", "created": "2014-07-26T04:22:33Z"}}, {"pk": 2, "model": "info.article", "fields": {"body": "<h1>These articles can be quite expressive:</h1>\r\n\r\n<h2>With sections,&nbsp;</h2>\r\n\r\n<h3>Subsections</h3>\r\n\r\n<p>And regular text (or&nbsp;<strong>bold,&nbsp;</strong><em>italics,&nbsp;</em>or&nbsp;<s>strikethrough</s>)</p>\r\n\r\n<hr />\r\n<p>You can make nicely seperating horizontal lines, make <a href=\"https://www.youtube.com/watch?v=Q5QJ9i_o5vo\" target=\"Yeuh\">links</a>, add&nbsp;&sect;pecial&nbsp;&copy;haracters,&nbsp;</p>\r\n\r\n<table border=\"1\" cellpadding=\"1\" cellspacing=\"1\" style=\"width:500px\" summary=\"With summaries and everything\">\r\n\t<caption>Add Tables</caption>\r\n\t<tbody>\r\n\t\t<tr>\r\n\t\t\t<td>&nbsp;</td>\r\n\t\t\t<td>&nbsp;</td>\r\n\t\t\t<td>&nbsp;</td>\r\n\t\t\t<td>&nbsp;</td>\r\n\t\t</tr>\r\n\t</tbody>\r\n</table>\r\n\r\n<ul>\r\n\t<li>Make bulleted lists</li>\r\n</ul>\r\n\r\n<ol>\r\n\t<li>Or numbered ones</li>\r\n</ol>\r\n\r\n<p>You can add&nbsp;</p>\r\n\r\n<blockquote>\r\n<h1>Block quotes:</h1>\r\n\r\n<p>especially useful for writing down all of the hilarious shit Kathy will inevitably say</p>\r\n</blockquote>\r\n\r\n<p>and even images</p>\r\n\r\n<p><img alt=\"\" src=\"http://www.my-favorite-coloring.net/Images/Large/Famous-characters-Troll-face-Cereal-Guy-253415.png\" style=\"height:196px; width:300px\" /></p>\r\n\r\n<p>and if you&#39;re feeling nerdy (or wandering through the internal documentation for this&nbsp;application)&nbsp;</p>\r\n\r\n<pre style=\"border: 1px solid rgb(204, 204, 204); padding: 5px 10px; background: rgb(238, 238, 238);\">\r\nThis is how to write code inside a rich text document</pre>\r\n\r\n<p>So please add to the documenation and office info -- it will help future users of this application immensely while keeping a written history of how schussmeisters works</p>\r\n", "author": "Taaam", "created": "2014-08-07T18:48:19Z", "modified": "2014-08-07T18:49:22Z", "article_group": 2, "title": "Example Info Article", "is_published": ""}}, {"pk": 1, "model": "info.articlegroup", "fields": {"description": "<p>Descriptions of how work around the office is done. For example, signing up members, handling refund, reserving members on buses, etc.</p>\r\n", "created": "2014-08-07T18:06:41Z", "name": "Office Operations", "modified": "2014-08-07T18:06:41Z", "article_group": null}}, {"pk": 2, "model": "info.articlegroup", "fields": {"description": "<p>On how to use this app</p>\r\n", "created": "2014-08-07T18:18:42Z", "name": "How to use this app", "modified": "2014-08-07T18:22:15Z", "article_group": null}}, {"pk": 1, "model": "auth.permission", "fields": {"codename": "add_logentry", "name": "Can add log entry", "content_type": 1}}, {"pk": 2, "model": "auth.permission", "fields": {"codename": "change_logentry", "name": "Can change log entry", "content_type": 1}}, {"pk": 3, "model": "auth.permission", "fields": {"codename": "delete_logentry", "name": "Can delete log entry", "content_type": 1}}, {"pk": 4, "model": "auth.permission", "fields": {"codename": "add_permission", "name": "Can add permission", "content_type": 2}}, {"pk": 5, "model": "auth.permission", "fields": {"codename": "change_permission", "name": "Can change permission", "content_type": 2}}, {"pk": 6, "model": "auth.permission", "fields": {"codename": "delete_permission", "name": "Can delete permission", "content_type": 2}}, {"pk": 7, "model": "auth.permission", "fields": {"codename": "add_group", "name": "Can add group", "content_type": 3}}, {"pk": 8, "model": "auth.permission", "fields": {"codename": "change_group", "name": "Can change group", "content_type": 3}}, {"pk": 9, "model": "auth.permission", "fields": {"codename": "delete_group", "name": "Can delete group", "content_type": 3}}, {"pk": 10, "model": "auth.permission", "fields": {"codename": "add_user", "name": "Can add user", "content_type": 4}}, {"pk": 11, "model": "auth.permission", "fields": {"codename": "change_user", "name": "Can change user", "content_type": 4}}, {"pk": 12, "model": "auth.permission", "fields": {"codename": "delete_user", "name": "Can delete user", "content_type": 4}}, {"pk": 13, "model": "auth.permission", "fields": {"codename": "add_contenttype", "name": "Can add content type", "content_type": 5}}, {"pk": 14, "model": "auth.permission", "fields": {"codename": "change_contenttype", "name": "Can change content type", "content_type": 5}}, {"pk": 15, "model": "auth.permission", "fields": {"codename": "delete_contenttype", "name": "Can delete content type", "content_type": 5}}, {"pk": 16, "model": "auth.permission", "fields": {"codename": "add_session", "name": "Can add session", "content_type": 6}}, {"pk": 17, "model": "auth.permission", "fields": {"codename": "change_session", "name": "Can change session", "content_type": 6}}, {"pk": 18, "model": "auth.permission", "fields": {"codename": "delete_session", "name": "Can delete session", "content_type": 6}}, {"pk": 19, "model": "auth.permission", "fields": {"codename": "add_migrationhistory", "name": "Can add migration history", "content_type": 7}}, {"pk": 20, "model": "auth.permission", "fields": {"codename": "change_migrationhistory", "name": "Can change migration history", "content_type": 7}}, {"pk": 21, "model": "auth.permission", "fields": {"codename": "delete_migrationhistory", "name": "Can delete migration history", "content_type": 7}}, {"pk": 22, "model": "auth.permission", "fields": {"codename": "add_member", "name": "Can add member", "content_type": 8}}, {"pk": 23, "model": "auth.permission", "fields": {"codename": "change_member", "name": "Can change member", "content_type": 8}}, {"pk": 24, "model": "auth.permission", "fields": {"codename": "delete_member", "name": "Can delete member", "content_type": 8}}, {"pk": 25, "model": "auth.permission", "fields": {"codename": "add_pass", "name": "Can add pass", "content_type": 9}}, {"pk": 26, "model": "auth.permission", "fields": {"codename": "change_pass", "name": "Can change pass", "content_type": 9}}, {"pk": 27, "model": "auth.permission", "fields": {"codename": "delete_pass", "name": "Can delete pass", "content_type": 9}}, {"pk": 28, "model": "auth.permission", "fields": {"codename": "add_season", "name": "Can add season", "content_type": 10}}, {"pk": 29, "model": "auth.permission", "fields": {"codename": "change_season", "name": "Can change season", "content_type": 10}}, {"pk": 30, "model": "auth.permission", "fields": {"codename": "delete_season", "name": "Can delete season", "content_type": 10}}, {"pk": 31, "model": "auth.permission", "fields": {"codename": "add_bus", "name": "Can add bus", "content_type": 11}}, {"pk": 32, "model": "auth.permission", "fields": {"codename": "change_bus", "name": "Can change bus", "content_type": 11}}, {"pk": 33, "model": "auth.permission", "fields": {"codename": "delete_bus", "name": "Can delete bus", "content_type": 11}}, {"pk": 34, "model": "auth.permission", "fields": {"codename": "add_buscheckin", "name": "Can add bus checkin", "content_type": 12}}, {"pk": 35, "model": "auth.permission", "fields": {"codename": "change_buscheckin", "name": "Can change bus checkin", "content_type": 12}}, {"pk": 36, "model": "auth.permission", "fields": {"codename": "delete_buscheckin", "name": "Can delete bus checkin", "content_type": 12}}, {"pk": 37, "model": "auth.permission", "fields": {"codename": "add_trip", "name": "Can add trip", "content_type": 13}}, {"pk": 38, "model": "auth.permission", "fields": {"codename": "change_trip", "name": "Can change trip", "content_type": 13}}, {"pk": 39, "model": "auth.permission", "fields": {"codename": "delete_trip", "name": "Can delete trip", "content_type": 13}}, {"pk": 40, "model": "auth.permission", "fields": {"codename": "add_tripenrollment", "name": "Can add trip enrollment", "content_type": 14}}, {"pk": 41, "model": "auth.permission", "fields": {"codename": "change_tripenrollment", "name": "Can change trip enrollment", "content_type": 14}}, {"pk": 42, "model": "auth.permission", "fields": {"codename": "delete_tripenrollment", "name": "Can delete trip enrollment", "content_type": 14}}, {"pk": 43, "model": "auth.permission", "fields": {"codename": "add_wikipage", "name": "Can add wiki page", "content_type": 15}}, {"pk": 44, "model": "auth.permission", "fields": {"codename": "change_wikipage", "name": "Can change wiki page", "content_type": 15}}, {"pk": 45, "model": "auth.permission", "fields": {"codename": "delete_wikipage", "name": "Can delete wiki page", "content_type": 15}}, {"pk": 46, "model": "auth.permission", "fields": {"codename": "add_revision", "name": "Can add revision", "content_type": 16}}, {"pk": 47, "model": "auth.permission", "fields": {"codename": "change_revision", "name": "Can change revision", "content_type": 16}}, {"pk": 48, "model": "auth.permission", "fields": {"codename": "delete_revision", "name": "Can delete revision", "content_type": 16}}, {"pk": 49, "model": "auth.permission", "fields": {"codename": "reset_lock", "name": "Can reset the edit lock of a wiki page.", "content_type": 15}}, {"pk": 50, "model": "auth.permission", "fields": {"codename": "add_mountain", "name": "Can add mountain", "content_type": 17}}, {"pk": 51, "model": "auth.permission", "fields": {"codename": "change_mountain", "name": "Can change mountain", "content_type": 17}}, {"pk": 52, "model": "auth.permission", "fields": {"codename": "delete_mountain", "name": "Can delete mountain", "content_type": 17}}, {"pk": 53, "model": "auth.permission", "fields": {"codename": "add_mountaincheckin", "name": "Can add mountain checkin", "content_type": 18}}, {"pk": 54, "model": "auth.permission", "fields": {"codename": "change_mountaincheckin", "name": "Can change mountain checkin", "content_type": 18}}, {"pk": 55, "model": "auth.permission", "fields": {"codename": "delete_mountaincheckin", "name": "Can delete mountain checkin", "content_type": 18}}, {"pk": 56, "model": "auth.permission", "fields": {"codename": "add_mountainscheduleslot", "name": "Can add mountain schedule slot", "content_type": 19}}, {"pk": 57, "model": "auth.permission", "fields": {"codename": "change_mountainscheduleslot", "name": "Can change mountain schedule slot", "content_type": 19}}, {"pk": 58, "model": "auth.permission", "fields": {"codename": "delete_mountainscheduleslot", "name": "Can delete mountain schedule slot", "content_type": 19}}, {"pk": 59, "model": "auth.permission", "fields": {"codename": "add_article", "name": "Can add article", "content_type": 20}}, {"pk": 60, "model": "auth.permission", "fields": {"codename": "change_article", "name": "Can change article", "content_type": 20}}, {"pk": 61, "model": "auth.permission", "fields": {"codename": "delete_article", "name": "Can delete article", "content_type": 20}}, {"pk": 62, "model": "auth.permission", "fields": {"codename": "add_articlegroup", "name": "Can add article group", "content_type": 21}}, {"pk": 63, "model": "auth.permission", "fields": {"codename": "change_articlegroup", "name": "Can change article group", "content_type": 21}}, {"pk": 64, "model": "auth.permission", "fields": {"codename": "delete_articlegroup", "name": "Can delete article group", "content_type": 21}}, {"pk": 1, "model": "auth.user", "fields": {"username": "admin", "first_name": "", "last_name": "", "is_active": true, "is_superuser": true, "is_staff": true, "last_login": "2014-08-07T16:04:43Z", "groups": [], "user_permissions": [], "password": "pbkdf2_sha256$12000$gU0vOh2SYm0q$l+tQZremxGUoliC4ui07L8vOhC8w5Xz71SC6PzedsJc=", "email": "tom.effland@gmail.com", "date_joined": "2014-07-06T04:38:17Z"}}, {"pk": 2, "model": "auth.user", "fields": {"username": "author", "first_name": "", "last_name": "", "is_active": true, "is_superuser": false, "is_staff": true, "last_login": "2014-08-07T19:44:16Z", "groups": [], "user_permissions": [59, 60, 61, 62, 63, 64], "password": "pbkdf2_sha256$12000$LJMc4JKNEXE1$gQ75rGmDf72qaeLBR5uzTSQt9VgER1j9s7J6liH9eqk=", "email": "", "date_joined": "2014-08-07T19:44:16Z"}}, {"pk": 3, "model": "auth.user", "fields": {"username": "social", "first_name": "", "last_name": "", "is_active": true, "is_superuser": false, "is_staff": false, "last_login": "2014-08-07T19:44:26Z", "groups": [], "user_permissions": [], "password": "pbkdf2_sha256$12000$1AE1qfdvLNhM$MPRgYdalLFaoGNkujhNKz/wDLYLyCaddLP0e1T2XRqQ=", "email": "", "date_joined": "2014-08-07T19:44:26Z"}}, {"pk": 1, "model": "admin.logentry", "fields": {"action_flag": 1, "action_time": "2014-07-06T04:49:53Z", "object_repr": "2013-2014", "object_id": "1", "change_message": "", "user": 1, "content_type": 10}}, {"pk": 2, "model": "admin.logentry", "fields": {"action_flag": 1, "action_time": "2014-07-20T00:31:59Z", "object_repr": "2012-2013", "object_id": "2", "change_message": "", "user": 1, "content_type": 10}}, {"pk": 3, "model": "admin.logentry", "fields": {"action_flag": 2, "action_time": "2014-07-20T00:32:16Z", "object_repr": "26: Derek Ellefsen, 2012-2013", "object_id": "2", "change_message": "Changed season.", "user": 1, "content_type": 9}}, {"pk": 4, "model": "admin.logentry", "fields": {"action_flag": 3, "action_time": "2014-07-20T00:40:20Z", "object_repr": "Derek Ellefsen", "object_id": "3", "change_message": "", "user": 1, "content_type": 8}}, {"pk": 5, "model": "admin.logentry", "fields": {"action_flag": 3, "action_time": "2014-07-20T01:05:52Z", "object_repr": "Andrew Kimicek", "object_id": "5", "change_message": "", "user": 1, "content_type": 8}}, {"pk": 6, "model": "admin.logentry", "fields": {"action_flag": 2, "action_time": "2014-07-20T01:06:00Z", "object_repr": "Andrew Kimicek", "object_id": "4", "change_message": "No fields changed.", "user": 1, "content_type": 8}}, {"pk": 7, "model": "admin.logentry", "fields": {"action_flag": 3, "action_time": "2014-07-20T01:06:21Z", "object_repr": "Andrew Kimicek", "object_id": "4", "change_message": "", "user": 1, "content_type": 8}}, {"pk": 8, "model": "admin.logentry", "fields": {"action_flag": 3, "action_time": "2014-07-20T22:01:13Z", "object_repr": "None: Derek Ellefsen, 2013-2014: Gnar Mountain (2015-01-21 - 2015-01-31)", "object_id": "1", "change_message": "", "user": 1, "content_type": 14}}, {"pk": 9, "model": "admin.logentry", "fields": {"action_flag": 3, "action_time": "2014-07-20T22:01:29Z", "object_repr": "None: Derek Ellefsen, 2013-2014", "object_id": "6", "change_message": "", "user": 1, "content_type": 9}}, {"pk": 10, "model": "admin.logentry", "fields": {"action_flag": 3, "action_time": "2014-07-20T22:01:34Z", "object_repr": "None: Andrew Kimicek, 2013-2014", "object_id": "4", "change_message": "", "user": 1, "content_type": 9}}, {"pk": 11, "model": "admin.logentry", "fields": {"action_flag": 3, "action_time": "2014-07-20T22:01:50Z", "object_repr": "Derek Ellefsen", "object_id": "2", "change_message": "", "user": 1, "content_type": 8}}, {"pk": 12, "model": "admin.logentry", "fields": {"action_flag": 3, "action_time": "2014-07-20T22:02:12Z", "object_repr": "Andrew Kimicek", "object_id": "6", "change_message": "", "user": 1, "content_type": 8}}, {"pk": 13, "model": "admin.logentry", "fields": {"action_flag": 1, "action_time": "2014-07-25T23:51:14Z", "object_repr": "Holiday Valley", "object_id": "1", "change_message": "", "user": 1, "content_type": 17}}, {"pk": 14, "model": "admin.logentry", "fields": {"action_flag": 1, "action_time": "2014-07-25T23:52:19Z", "object_repr": "Kissing Bridge", "object_id": "2", "change_message": "", "user": 1, "content_type": 17}}, {"pk": 15, "model": "admin.logentry", "fields": {"action_flag": 2, "action_time": "2014-07-26T02:30:34Z", "object_repr": "Holiday Valley", "object_id": "1", "change_message": "Changed abbr.", "user": 1, "content_type": 17}}, {"pk": 16, "model": "admin.logentry", "fields": {"action_flag": 2, "action_time": "2014-07-26T02:30:41Z", "object_repr": "Kissing Bridge", "object_id": "2", "change_message": "Changed abbr.", "user": 1, "content_type": 17}}, {"pk": 17, "model": "admin.logentry", "fields": {"action_flag": 1, "action_time": "2014-08-05T17:00:04Z", "object_repr": "2014-2015", "object_id": "3", "change_message": "", "user": 1, "content_type": 10}}, {"pk": 18, "model": "admin.logentry", "fields": {"action_flag": 1, "action_time": "2014-08-07T18:06:41Z", "object_repr": "Office Operations", "object_id": "1", "change_message": "", "user": 1, "content_type": 21}}, {"pk": 19, "model": "admin.logentry", "fields": {"action_flag": 1, "action_time": "2014-08-07T18:18:42Z", "object_repr": "Introduction", "object_id": "2", "change_message": "", "user": 1, "content_type": 21}}, {"pk": 20, "model": "admin.logentry", "fields": {"action_flag": 2, "action_time": "2014-08-07T18:20:06Z", "object_repr": "How to use this app", "object_id": "2", "change_message": "Changed name.", "user": 1, "content_type": 21}}, {"pk": 21, "model": "admin.logentry", "fields": {"action_flag": 2, "action_time": "2014-08-07T18:20:14Z", "object_repr": "How to use this app", "object_id": "2", "change_message": "No fields changed.", "user": 1, "content_type": 21}}, {"pk": 22, "model": "admin.logentry", "fields": {"action_flag": 2, "action_time": "2014-08-07T18:22:15Z", "object_repr": "How to use this app", "object_id": "2", "change_message": "No fields changed.", "user": 1, "content_type": 21}}, {"pk": 23, "model": "admin.logentry", "fields": {"action_flag": 1, "action_time": "2014-08-07T18:41:46Z", "object_repr": "Example Info Article (How to use this app)", "object_id": "1", "change_message": "", "user": 1, "content_type": 20}}, {"pk": 24, "model": "admin.logentry", "fields": {"action_flag": 1, "action_time": "2014-08-07T18:48:19Z", "object_repr": "Example Info Article (How to use this app)", "object_id": "2", "change_message": "", "user": 1, "content_type": 20}}, {"pk": 25, "model": "admin.logentry", "fields": {"action_flag": 3, "action_time": "2014-08-07T18:48:32Z", "object_repr": "Example Info Article (How to use this app)", "object_id": "1", "change_message": "", "user": 1, "content_type": 20}}, {"pk": 26, "model": "admin.logentry", "fields": {"action_flag": 2, "action_time": "2014-08-07T18:49:22Z", "object_repr": "Example Info Article (How to use this app)", "object_id": "2", "change_message": "No fields changed.", "user": 1, "content_type": 20}}, {"pk": 27, "model": "admin.logentry", "fields": {"action_flag": 1, "action_time": "2014-08-07T19:44:16Z", "object_repr": "author", "object_id": "2", "change_message": "", "user": 1, "content_type": 4}}, {"pk": 28, "model": "admin.logentry", "fields": {"action_flag": 1, "action_time": "2014-08-07T19:44:27Z", "object_repr": "social", "object_id": "3", "change_message": "", "user": 1, "content_type": 4}}, {"pk": 29, "model": "admin.logentry", "fields": {"action_flag": 2, "action_time": "2014-08-07T19:45:41Z", "object_repr": "author", "object_id": "2", "change_message": "Changed is_staff.", "user": 1, "content_type": 4}}, {"pk": 30, "model": "admin.logentry", "fields": {"action_flag": 2, "action_time": "2014-08-07T19:46:22Z", "object_repr": "author", "object_id": "2", "change_message": "Changed user_permissions.", "user": 1, "content_type": 4}}]